Post_ID,Ticker,Title,Post_Date,Upvotes,Num_Comments
8e4cio_AAPL,AAPL,How to play extremely high-risk FDs with 1000% upside. With $JNJ and $AAPL as examples.,2018-04-22,1252,232
1i5r1dz_AMZN,AMZN,JNJ Long Term,2025-01-20,2,13
8c7hp6_IBM,IBM,Some implied moves for the degenerate gamblers playing any earnings next week : $NFLX 9.9% $GS 3.4% $IBM 4.0% $MLNX 9.2% (mthly) $ISRG 5% $MS 3.9% $AXP 4% $AA 5.9% $GE 6.2% $JNJ 2.7% $ABT 3.7% $PIR 16.3% (mthly) $BX 3.1% $BAC 3.8%,2018-04-14,54,36
jyeh16_IBM,IBM,Johnson & Johnson (NYSE: JNJ) - An in-depth Stock Analysis,2020-11-21,1030,112
32k44j_IBM,IBM,"4/14/15 Early Tuesday Movers: JPM, JNJ, WFC, DD, PG, NSC, IBM, BABA, JBLU & more",2015-04-14,4,0
omvkr0_IBM,IBM,"Expected Moves this week. Netflix, IBM, Snap, JNJ, Chipotle, Twitter and more.",2021-07-18,390,37
y81ok_INTC,INTC,"Warren Buffet dumps 7.7M shares of Intel (INTC), and sold two-thirds of his 29M shares in Johnson & Johnson (JNJ).",2012-08-14,32,32
omvkr0_INTC,INTC,"Expected Moves this week. Netflix, IBM, Snap, JNJ, Chipotle, Twitter and more.",2021-07-18,387,37
p2v8y4_QCOM,QCOM,"Thirteen stocks possibly worth attention, a consensus strategy: FAF, FB, FSS, GLPI, HWKN, ICLR, IEX, JNJ, LRCX, MDLZ, OTEX, QCOM, QRVO",2021-08-12,194,82
omvkr0_TXN,TXN,"Expected Moves this week. Netflix, IBM, Snap, JNJ, Chipotle, Twitter and more.",2021-07-18,389,37
pgl6ia_AVGO,AVGO,Six attractive stocks IMHO (AAPL AVGO CMCSA CRAI CVS JNJ). What do you think?,2021-09-02,0,13
k5gekt_AVGO,AVGO,"Selling VOO, JNJ, CVS for BLK or AVGO good idea?",2020-12-02,1,11
1hfze7z_AVGO,AVGO,JNJ PEP F ELV ,2024-12-17,5,7
p2v8y4_LRCX,LRCX,"Thirteen stocks possibly worth attention, a consensus strategy: FAF, FB, FSS, GLPI, HWKN, ICLR, IEX, JNJ, LRCX, MDLZ, OTEX, QCOM, QRVO",2021-08-12,192,82
reaika_JPM,JPM,Whatâ€™s a better replacement for VZ if Iâ€™m looking for long term dividend payback/growth? PG HD JPM JNJ WM?,2021-12-11,22,28
8c7hp6_BAC,BAC,Some implied moves for the degenerate gamblers playing any earnings next week : $NFLX 9.9% $GS 3.4% $IBM 4.0% $MLNX 9.2% (mthly) $ISRG 5% $MS 3.9% $AXP 4% $AA 5.9% $GE 6.2% $JNJ 2.7% $ABT 3.7% $PIR 16.3% (mthly) $BX 3.1% $BAC 3.8%,2018-04-14,54,36
2arby0_GS,GS,"7/15/14 - Stocks on the move before the bell: JPM, GS, JNJ, TWX, TWTR & more...",2014-07-15,2,1
vn02bk_MS,MS,RIP MS-DIS-JNJ-SBUX - Jim Cramer picks 4 â€˜buyableâ€™ stocks to snap up after ugly market days,2022-06-28,17,16
8c7hp6_MS,MS,Some implied moves for the degenerate gamblers playing any earnings next week : $NFLX 9.9% $GS 3.4% $IBM 4.0% $MLNX 9.2% (mthly) $ISRG 5% $MS 3.9% $AXP 4% $AA 5.9% $GE 6.2% $JNJ 2.7% $ABT 3.7% $PIR 16.3% (mthly) $BX 3.1% $BAC 3.8%,2018-04-14,51,36
2t1ryu_MS,MS,"1/20/15 Early Tuesday Movers: MS, JNJ, DAL, FB, JCP, HAL, T & more",2015-01-20,4,2
3o3jqm_WFC,WFC,"10/9/15 Friday Movers: AA, LLY, FOXA, WFC, TSLA, GPS, AAPL, JNJ, UAL, TWTR, CVX, BUD & more",2015-10-09,10,1
2j7kyv_WFC,WFC,"Early Movers: JPM, JNJ, C, WFC, LOW/HD, F/GM, COST, AMD & more",2014-10-14,3,1
32k44j_WFC,WFC,"4/14/15 Early Tuesday Movers: JPM, JNJ, WFC, DD, PG, NSC, IBM, BABA, JBLU & more",2015-04-14,5,0
8c7hp6_AXP,AXP,Some implied moves for the degenerate gamblers playing any earnings next week : $NFLX 9.9% $GS 3.4% $IBM 4.0% $MLNX 9.2% (mthly) $ISRG 5% $MS 3.9% $AXP 4% $AA 5.9% $GE 6.2% $JNJ 2.7% $ABT 3.7% $PIR 16.3% (mthly) $BX 3.1% $BAC 3.8%,2018-04-14,51,36
omvkr0_AXP,AXP,"Expected Moves this week. Netflix, IBM, Snap, JNJ, Chipotle, Twitter and more.",2021-07-18,391,37
7uk5hl_PYPL,PYPL,"BABA, JNJ, and PYPL 2/9 calls",2018-02-01,2,10
11ncx36_V,V,Debating between AbbV or JNJ ?,2023-03-10,17,42
ol4ymo_V,V,JNJ V.S GOF (Safe V.S High yield),2021-07-15,3,1
2hzlie_MA,MA,"Early Movers: KO, DF, EBAY, JNJ, MA, TSN & more",2014-10-01,1,1
11czd80_MA,MA,Johnson & Johnson (JNJ) at 52 week low and the most oversold itâ€™s been in 5 years. Dividend Yield 2.90%,2023-02-27,316,143
1ixc90j_JNJ,JNJ,JNJ calls 30k gains in one month,2025-02-24,92,23
8e4cio_JNJ,JNJ,How to play extremely high-risk FDs with 1000% upside. With $JNJ and $AAPL as examples.,2018-04-22,1251,232
cdx7y5_JNJ,JNJ,Shoutout to JNJ calls for being the final nail in the coffin.,2019-07-16,476,273
lxytrh_JNJ,JNJ,JNJ vaccine efficacy. Iâ€™m going in DEEP tomorrow!,2021-03-04,621,142
gdyk56_JNJ,JNJ,Undisclosed Biotech Info $ARWR Announcement 5/7 (ARWR & JNJ Collaboration on COVID-19 Vaccine),2020-05-05,102,637
18zkuq0_JNJ,JNJ,Cancer treatment that destroys 99% of cancer cells. Bullish on Biotech cancer stocks like $JNJ?,2024-01-05,127,72
a6684l_JNJ,JNJ,$JNJ knew about asbestos in their product as early as 1971,2018-12-14,262,107
a706gl_JNJ,JNJ,Cramer is so long on $JNJ he is nearly in tears on CNBC.,2018-12-17,362,81
15vx5ew_JNJ,JNJ,$KVUE / $JNJ play,2023-08-20,31,50
1hgkmb6_JNJ,JNJ,Could Johnson and Johnson $JNJ buy Darzalex partner Genmab?,2024-12-17,9,7
1c47kz4_JNJ,JNJ,KVUE cough syrup is making people sick in 6 African nations (recall under JnJ headline),2024-04-14,59,17
19fawsc_JNJ,JNJ,$NYSE: JNJ Got Dope Like Pablo,2024-01-25,156,11
1e5iqbv_JNJ,JNJ,+18k JNJ 7/19,2024-07-17,34,4
a6hayn_JNJ,JNJ,Made 700% in 1 hour and 20mins with #JNJ puts,2018-12-15,207,58
99kgzk_JNJ,JNJ,LONG $GERN; JNJ decision coming in <30 days; phase 3 announcement imminent,2018-08-23,44,88
l9ay5q_JNJ,JNJ,"Johnson & Johnson (JNJ) delayed competitor Novavax (NVAX) coronavirus vaccine efficacy trial in the U.S., which just proved to be the most effective vaccine in overseas trials.... oh and Robinhood banned you from buying NVAX the other day when this stock went to the moon.",2021-01-31,110,37
15tvmzm_JNJ,JNJ,I Hate what the market has turned into but KVUE/JNJ is a lil wild,2023-08-17,5,7
zclveq_JNJ,JNJ,JnJ spin-off,2022-12-04,17,16
12gwdpv_JNJ,JNJ,Future of JNJ with Consumer spinoff (Kenvue),2023-04-09,18,10
vn02bk_JNJ,JNJ,RIP MS-DIS-JNJ-SBUX - Jim Cramer picks 4 â€˜buyableâ€™ stocks to snap up after ugly market days,2022-06-28,17,16
kwbbvz_JNJ,JNJ,JNJ is going to sky rocket at the end of the month,2021-01-13,29,28
lwi7bk_JNJ,JNJ,Merck & Co (MRK) partnering with Johnson and Johnson (JNJ) to produce single shot Covid vaccine,2021-03-03,15,28
qsafai_JNJ,JNJ,JNJ splitting up: Which side has more upside?,2021-11-12,21,19
8c7hp6_JNJ,JNJ,Some implied moves for the degenerate gamblers playing any earnings next week : $NFLX 9.9% $GS 3.4% $IBM 4.0% $MLNX 9.2% (mthly) $ISRG 5% $MS 3.9% $AXP 4% $AA 5.9% $GE 6.2% $JNJ 2.7% $ABT 3.7% $PIR 16.3% (mthly) $BX 3.1% $BAC 3.8%,2018-04-14,53,36
mq8hw2_JNJ,JNJ,$JNJ YOLO ðŸ¤«ðŸš€ðŸš€ðŸš€,2021-04-13,16,21
ai4cb2_JNJ,JNJ,"Johnson & Johnson (JNJ) quarterly financials. They report 1-22-2019 pre-market. They had a huge tax cost in the 4th quarter last year. Revenue and gross profit margin have been improving well in 2018. On December 14, 2018, their baby powder product was linked to asbestos",2019-01-21,44,29
hrx3rl_JNJ,JNJ,Anyone getting some JNJ calls before earning Tom?,2020-07-15,11,25
a7ym31_JNJ,JNJ,Indian drugs regulator orders Johnson & Johnson (JNJ) to stop using raw material at two baby powder factories in India until it is tested and shown to be free of asbestos,2018-12-20,91,22
g691g5_JNJ,JNJ,RetarDD: Long options calls on makers of nicotine gum and nicotine patches (JNJ),2020-04-22,22,23
7sgi6z_JNJ,JNJ,"JNJ---this is just a repeat of FB. Took earnings hit because of one-time repatration tax. Bringing 19B in offshore cash back home. Under 144.00, I think it's safe to back up the truck.",2018-01-23,27,32
a66jcm_JNJ,JNJ,I bought JNJ at the open today thinking I found a good buy opportunity...,2018-12-14,85,20
a6zrvn_JNJ,JNJ,"$JNJ, itâ€™s been a pleasure.",2018-12-17,84,17
jgd4ry_JNJ,JNJ,JNJ MRNA PFE confirmed ðŸš€ðŸš€ðŸš€ ðŸŒš ðŸŒ,2020-10-23,33,16
ja4qnr_JNJ,JNJ,JNJ Pauses Trials,2020-10-13,24,17
a7cdgj_JNJ,JNJ,$JNJ -- CEO says asbestos allegations are false. BTD?,2018-12-18,9,27
fdhx75_JNJ,JNJ,$JNJ DD: free tendies,2020-03-04,30,18
bbooqm_JNJ,JNJ,LONG $JNJ,2019-04-10,42,19
mrgvc4_JNJ,JNJ,"$JNJ at 165 my calls will print hard can we pick up the volume please, calls on clogs. What you guys think do i have a chance at making it at the big leagues? NOT FINANCIAL ADVICE",2021-04-15,3,14
cdxwz9_JNJ,JNJ,JNJ earnings beat?,2019-07-16,17,20
i0jgzf_JNJ,JNJ,"JNJ tendies incoming ðŸš€ðŸš€ðŸš€ - positive vaccine results, moving to Phase 3",2020-07-30,19,14
jw2aqm_JNJ,JNJ,JNJ next to boom on Phase 3 Results?,2020-11-17,7,10
cwmr79_JNJ,JNJ,JNJ made up only 1% of the opioid market. Bullish thesis,2019-08-28,22,14
iye1uy_JNJ,JNJ,JNJ it's time to shine,2020-09-23,21,9
dfi49a_JNJ,JNJ,JNJ calls in two days,2019-10-09,21,12
l6bo9x_JNJ,JNJ,I got the (JNJ) Johnson&Johnson Vaccine from a Clinical Trial ! Here is how it went... hint INVEST IN JNJ,2021-01-27,0,8
b0welp_JNJ,JNJ,Short JNJ,2019-03-14,5,15
ep05ru_JNJ,JNJ,"Autist Alert: 400k personal savings invested in LYB, ALXN, JNJ",2020-01-15,15,10
jgd0rr_JNJ,JNJ,"Trump: JNJ, MRNA & PFE are doing very well in developing a vaccine till the end of 2020",2020-10-23,14,5
a7bgz0_JNJ,JNJ,Hope yâ€™all loaded up on JNJ calls after the sell-off,2018-12-18,4,14
8zeehk_JNJ,JNJ,JNJ ER gamethread,2018-07-16,3,12
7705qa_JNJ,JNJ,JNJ is good to me.,2017-10-17,31,11
l69hp2_JNJ,JNJ,JNJ/ Pfizer/ Moderna,2021-01-27,2,1
8zlujw_JNJ,JNJ,Anyone else up big on $JNJ?,2018-07-17,22,8
8z18s2_JNJ,JNJ,$JNJ,2018-07-15,4,9
dix5bm_JNJ,JNJ,Long JNJ,2019-10-16,15,3
bb2lp6_JNJ,JNJ,"Fed Meeting Wednesday 2pm EST to discuss Fed minutes from March. Later this week banks report which Iâ€™m bullish on due to market rally & 4 rate hikes in 2018 vs 3 hikes in 2017, but maybe not on their outlooks. JNJ, NFLX, DAL, IBM, HON, ETFC, RAD, PNC also kick off earnings season in next 2 weeks.",2019-04-09,9,5
7sbo4d_JNJ,JNJ,Long $JNJ,2018-01-23,8,8
aha3nm_JNJ,JNJ,Why Johnson & Johnson (JNJ) should acquire Portola Pharmaceuticals (PTLA) - POTENTIAL BIOTECH M&A,2019-01-18,9,5
bdsfsd_JNJ,JNJ,"Johnson & Johnson (JNJ) Q1 EPS USD 2.10 vs. Exp. USD 2.03, revenue USD 20.0bln vs. Exp. USD 19.61bln",2019-04-16,5,4
a7stu2_JNJ,JNJ,$JNJ loses bid to overturn $4.7 BILLION verdict,2018-12-20,6,5
9apgeu_JNJ,JNJ,"Grab some $JNJ Puts - J&J says Phase 3 Mariner, Commander heart failure #studies missed endpoints",2018-08-27,6,5
jyeh16_JNJ,JNJ,Johnson & Johnson (NYSE: JNJ) - An in-depth Stock Analysis,2020-11-21,1029,112
p2v8y4_JNJ,JNJ,"Thirteen stocks possibly worth attention, a consensus strategy: FAF, FB, FSS, GLPI, HWKN, ICLR, IEX, JNJ, LRCX, MDLZ, OTEX, QCOM, QRVO",2021-08-12,195,82
1hfw0pg_JNJ,JNJ,JNJ: Stock Options vs RSUs,2024-12-16,7,13
1ghlfci_JNJ,JNJ,PFE and JNJ comparison please,2024-11-02,0,8
55w6qd_JNJ,JNJ,stockAday: Is Johnson & Johnson a triple wonder? $JNJ,2016-10-04,264,69
15gp5rh_JNJ,JNJ,JNJ Conversion to Kenvue Discussion,2023-08-03,28,31
ltbus9_JNJ,JNJ,FDA moves to approve Johnson & Johnsonâ€™s ( $JNJ) COVID-19 vaccine after board votes unanimously in favor of vaccine,2021-02-27,78,42
f7ro4z_JNJ,JNJ,Hedging against coronavirus - JNJ and UL solid picks?,2020-02-22,10,55
8njim2_JNJ,JNJ,"What are your thoughts on 3M , JNJ and T with this recent drop?",2018-05-31,29,49
7vz75k_JNJ,JNJ,What is the better choice right now: AAPL or JNJ?,2018-02-07,16,31
pgl6ia_JNJ,JNJ,Six attractive stocks IMHO (AAPL AVGO CMCSA CRAI CVS JNJ). What do you think?,2021-09-02,0,13
8hxasf_JNJ,JNJ,Thoughts on JNJ?,2018-05-08,19,27
y81ok_JNJ,JNJ,"Warren Buffet dumps 7.7M shares of Intel (INTC), and sold two-thirds of his 29M shares in Johnson & Johnson (JNJ).",2012-08-14,36,32
hhm4bo_JNJ,JNJ,Advise on a call option : JNJ 150 strike June 2022,2020-06-28,4,11
gp2gct_JNJ,JNJ,Preston Pysh's Valuation Example of JNJ in his Warren Buffett Book,2020-05-23,2,10
46ac6o_JNJ,JNJ,$JNJ has drastically outperformed the s&p500 for more than 30 years. Is the end in sight?,2016-02-17,4,23
dov37v_JNJ,JNJ,JNJ trading halted before the close of the day?,2019-10-29,18,7
graly0_JNJ,JNJ,VGHCX no JNJ?,2020-05-27,0,6
72vbic_JNJ,JNJ,is it good time to get in $JNJ (long),2017-09-27,2,15
9hgvja_JNJ,JNJ,Argument For Buying/Holding JNJ. Especially if you are nervous about overall market.,2018-09-20,0,7
g70kun_JNJ,JNJ,JNJ partnering with Emergent Bio Solutions to manufacture it's CV-19 Vaccine,2020-04-24,0,1
tzh8t_JNJ,JNJ,Replacing JNJ. Seeking opinion on other long term options for solid dividends. ,2012-05-22,7,16
zwq5k_JNJ,JNJ,"Need to sell off some stock to pay off major accident. GEO, JNJ, or PFE?",2012-09-15,8,15
5cdwrs_JNJ,JNJ,JNJ or KO,2016-11-11,1,9
6m6fxg_JNJ,JNJ,"JNJ, HD or DEO?",2017-07-09,1,7
5ygskx_JNJ,JNJ,JNJ Upwards Limit,2017-03-09,2,7
47pcit_JNJ,JNJ,What is the difference between Chipotle (CMG) and Johnson & Johnson (JNJ) in terms of influence of law suits on their stock prices?,2016-02-26,3,7
4ts3h8_JNJ,JNJ,Div announced today JNJ ??,2016-07-20,0,2
1dri7t_JNJ,JNJ,PM and JNJ for a long term investment?,2013-05-06,3,3
1hh6mrf_JNJ,JNJ,Is the market missing JNJ's true potential?,2024-12-18,8,22
1e1s2av_JNJ,JNJ,Inherited a whole lot of $JNJ stock -- Should I sell and put it into Vanguard/index funds? Something else?,2024-07-12,26,92
1j0t0g1_JNJ,JNJ,"Johnson & Johnson (JNJ): Among the Top Dividend Stocks to Buy According to Hedge Funds, thoughts?",2025-03-01,0,14
mtkw1d_JNJ,JNJ,Best defensive stocks in a downturn? WMT JNJ?,2021-04-18,37,91
modk4n_JNJ,JNJ,Why own JNJ over the sp500 or Total Market?,2021-04-10,29,71
17vbl8a_JNJ,JNJ,"Opinions on Pfizer, JNJ, Cummins, Wells Fargo, Deere, PPG",2023-11-14,15,18
o2c422_JNJ,JNJ,Bond like stocks? JNJ?,2021-06-18,27,53
ppeuoa_JNJ,JNJ,"What is happening with JNJ, MRK and BMY (essentially a lot of pharmaceutical stocks)?",2021-09-16,28,39
154xfdy_JNJ,JNJ,JNJ Spinoff Outcome?,2023-07-20,6,12
jyefjd_JNJ,JNJ,Johnson & Johnson (NYSE: JNJ) - An in-depth Stock Analysis,2020-11-21,116,21
snyjy6_JNJ,JNJ,JNJ / ABBV / PFE ?,2022-02-08,10,24
1385m5c_JNJ,JNJ,I own JNJ â€¦ do I now own KVUE too?,2023-05-05,13,8
8l17g3_JNJ,JNJ,Whatâ€™s going on with JNJ?,2018-05-21,51,40
lmao59_JNJ,JNJ,BULLISH on $JNJ,2021-02-18,29,25
15t2y35_JNJ,JNJ,JNJ/KVUE exchange offer odd lot opportunity,2023-08-16,2,0
v5uum4_JNJ,JNJ,"PFE vs JNJ, 20 yr outlook",2022-06-06,13,13
7e2it5_JNJ,JNJ,"INTEL, MU, JNJ, or VISA",2017-11-19,37,39
lvd73m_JNJ,JNJ,All you need to know about JNJâ€™s vaccine,2021-03-01,26,18
nb0bot_JNJ,JNJ,Out of all my stocks JNJ held up the best during today's correction. Just wanted to put that out,2021-05-12,10,17
cxiw72_JNJ,JNJ,Sell JNJ to buy Microsoft?,2019-08-30,32,24
lct6l8_JNJ,JNJ,The $JNJ vaccine will get emergency authorization during the next two weeks at some point,2021-02-04,29,15
guwv7u_JNJ,JNJ,Johnson & Johnson (JNJ) Breakdown,2020-06-02,85,12
a6bfem_JNJ,JNJ,RIP JNJ,2018-12-15,4,28
t8sukz_JNJ,JNJ,JNJ Company Split,2022-03-07,20,2
l5hrrb_JNJ,JNJ,Help with PLUG and JNJ,2021-01-26,5,11
lyqlo2_JNJ,JNJ,Proctor and gamble or JNJ?,2021-03-06,2,10
7sg33y_JNJ,JNJ,$JNJ,2018-01-23,27,21
k5gekt_JNJ,JNJ,"Selling VOO, JNJ, CVS for BLK or AVGO good idea?",2020-12-02,1,11
on6r0e_JNJ,JNJ,Should I sell my JNJ and KO calls?,2021-07-19,1,7
ht90e5_JNJ,JNJ,GILD or JNJ??,2020-07-18,3,12
m9h83x_JNJ,JNJ,Reason to own JNJ vs VOO or something?,2021-03-20,14,7
kqz903_JNJ,JNJ,Is $JNJ a good buy?,2021-01-05,5,9
fw78tb_JNJ,JNJ,"Why some small/mid sized biotech stock gains over 100% in a day and drops immediately the following week? While bigger companies like JNJ, Pfizer doesn't gain much out of this situation?",2020-04-06,3,13
ltbq2q_JNJ,JNJ,FDA moves to approve Johnson & Johnsonâ€™s ( $JNJ) COVID-19 vaccine after board votes unanimously in favor of vaccine,2021-02-27,29,5
e99jk2_JNJ,JNJ,JnJ vs MMM who would you choose ???,2019-12-11,3,13
7oldlx_JNJ,JNJ,"Pick 2 out of 3: $JNJ, $MCD, $LMT",2018-01-06,10,17
4xuw47_JNJ,JNJ,JNJ,2016-08-15,16,20
71k1j2_JNJ,JNJ,Why is JNJ keep going down?,2017-09-21,7,19
5845zb_JNJ,JNJ,JNJ... wtf is happening,2016-10-18,15,20
mruzsj_JNJ,JNJ,"Year2000 bubble, why did MRK, BMY, LLY bubble up? JNJ not.",2021-04-16,1,4
iaylb8_JNJ,JNJ,Is JNJ a buy now or wait for dip?,2020-08-16,0,7
i4f0ra_JNJ,JNJ,"JNJ, johnson&johnson",2020-08-05,0,6
8yfj1p_JNJ,JNJ,JNJ 4.7b verdict,2018-07-13,18,12
hsed8z_JNJ,JNJ,Would you expect JNJ to increase or decrease in price if a vaccine becomes more probable?,2020-07-16,2,5
8hpf71_JNJ,JNJ,Does anyone else think JNJ is a bad investment?,2018-05-07,1,12
djsf7a_JNJ,JNJ,JNJ?,2019-10-18,2,6
8hxdv5_JNJ,JNJ,Any ideas on why JNJ is down after a solid earnings report?,2018-05-08,16,9
gmwzql_JNJ,JNJ,$JNJ - Johnson & Johnson stops selling talcum-based baby powder,2020-05-19,1,2
ccxqyf_JNJ,JNJ,JNJ and its future - Worth a buy or Time to sell?,2019-07-14,1,5
9jzi4y_JNJ,JNJ,is there a better option than $JNJ,2018-09-29,5,7
f2ptor_JNJ,JNJ,Thoughts of JNJ,2020-02-12,1,2
alr0jb_JNJ,JNJ,Johnson & Johnson (NYSE: JNJ) analysis,2019-01-31,7,4
72v5o7_JNJ,JNJ,is it good time to get in $JNJ (long),2017-09-27,6,6
6vyznm_JNJ,JNJ,Future of $JNJ?,2017-08-25,7,6
6qrj79_JNJ,JNJ,JBLU? AMGN? JNJ? RCL?,2017-07-31,4,4
62llqn_JNJ,JNJ,Is there any reason not to buy JnJ right now?,2017-03-31,2,4
55gfc8_JNJ,JNJ,3m or jnj,2016-10-02,9,4
8m44ni_JNJ,JNJ,"With the talc powder lawsuits and opioid ""crackdown"", is JNJ doomed to go lower?",2018-05-25,2,1
2xygxt_JNJ,JNJ,"RUMOR: JNJ agrees to purchase PCYC, could be announced as early as tomorrow.",2015-03-04,1,7
53kgq6_JNJ,JNJ,JNJ,2016-09-19,5,3
34hzcu_JNJ,JNJ,JNJ - Time to bounce back up! Can't break support,2015-05-01,1,4
4hn0r0_JNJ,JNJ,"5/3/16 Tuesday's Stocks to Watch: PFE, BIIB, TAP, CVS, MNK, CLX, COST, AIG, AAPL, TXRH, YELP, MYL, JNJ & more",2016-05-03,25,0
2rjcg0_JNJ,JNJ,Johnson & Johnson (JNJ),2015-01-06,1,0
p6a1o_JNJ,JNJ,Quick money on JNJ,2012-02-01,1,1
1j0t17v_JNJ,JNJ,Johnson & Johnson (JNJ): Among the Top Dividend Stocks to Buy According to Hedge Funds,2025-03-01,9,6
7r34ly_JNJ,JNJ,"Over the past year I found it relatively easy to make picks. Nvda, shop, tchey, jnj, and others. But now I'm having a tough time... I'm looking for small cap big growth. At advice/leads? Thanks.",2018-01-17,16,38
xhgwma_JNJ,JNJ,Johnson & Johnson (JNJ) - Dividend Scorecard ðŸ“ˆ,2022-09-18,20,5
10jp5mp_JNJ,JNJ,Technical Analysis & Trades: SPY QQQ IWM // NFLX JNJ LMT UUP,2023-01-23,2,2
10kfq5x_JNJ,JNJ,Technical Analysis & Trades: SPY QQQ IWM // JNJ LMT CVS,2023-01-24,1,1
i94l1e_JNJ,JNJ,JNJ stock,2020-08-13,4,16
vivu2l_JNJ,JNJ,Johnson and Johnson (JNJ): DePuy Synthes trial collaboration results due,2022-06-23,5,0
hsdvlr_JNJ,JNJ,JNJ Question,2020-07-16,5,9
8yhscw_JNJ,JNJ,Do you think JNJ will continue to rise in the future?,2018-07-13,0,1
3kx4hu_JNJ,JNJ,AAPL and JNJ saving the market this morning,2015-09-14,14,2
3o3jqm_JNJ,JNJ,"10/9/15 Friday Movers: AA, LLY, FOXA, WFC, TSLA, GPS, AAPL, JNJ, UAL, TWTR, CVX, BUD & more",2015-10-09,10,1
2t1ryu_JNJ,JNJ,"1/20/15 Early Tuesday Movers: MS, JNJ, DAL, FB, JCP, HAL, T & more",2015-01-20,5,2
3mts57_JNJ,JNJ,"9/29/15 Tuesday Movers: YHOO, MCD, LLY, RTN, WMT, LNG, MSFT, RAI, PNRA, JNJ, AAPL, AMD & more",2015-09-29,5,0
2j7kyv_JNJ,JNJ,"Early Movers: JPM, JNJ, C, WFC, LOW/HD, F/GM, COST, AMD & more",2014-10-14,3,1
32k44j_JNJ,JNJ,"4/14/15 Early Tuesday Movers: JPM, JNJ, WFC, DD, PG, NSC, IBM, BABA, JBLU & more",2015-04-14,5,0
2hzlie_JNJ,JNJ,"Early Movers: KO, DF, EBAY, JNJ, MA, TSN & more",2014-10-01,1,1
2arby0_JNJ,JNJ,"7/15/14 - Stocks on the move before the bell: JPM, GS, JNJ, TWX, TWTR & more...",2014-07-15,2,1
1jrznju_JNJ,JNJ,Follow up on my $JNJ put calendar trade: Sold at 5X,2025-04-05,2,10
omvkr0_JNJ,JNJ,"Expected Moves this week. Netflix, IBM, Snap, JNJ, Chipotle, Twitter and more.",2021-07-18,386,37
1itd7mt_JNJ,JNJ,JNJ strangle option play,2025-02-19,2,0
138nwad_JNJ,JNJ,Impact on JNJ options with Kenvue spinoff,2023-05-05,4,3
l4vz8n_JNJ,JNJ,Discussion about JNJ and their possible Vaccine results,2021-01-25,3,7
l5v767_JNJ,JNJ,$JNJ could be the savior!!,2021-01-27,11,6
fy3tao_JNJ,JNJ,JNJ Going Up After Earnings?!,2020-04-10,1,7
7trpfx_JNJ,JNJ,JAN26 JNJ Iron Condor,2018-01-29,2,12
jvlpm0_JNJ,JNJ,$JNJ Vaccine Updates?,2020-11-17,1,1
7ufj1v_JNJ,JNJ,JNJ,2018-02-01,5,10
7uk5hl_JNJ,JNJ,"BABA, JNJ, and PYPL 2/9 calls",2018-02-01,2,10
ay098m_JNJ,JNJ,$JNJ - Friday puts to take advantage of the news?,2019-03-06,2,3
bggija_JNJ,JNJ,"Best Buy Co., Inc. (NYSE:BBY), Johnson & Johnson (NYSE:JNJ) - 3 Options Trading Ideas For The Upcoming Earnings Season",2019-04-23,2,0
66eq7t_JNJ,JNJ,Defending bull put spread on JNJ.,2017-04-20,6,3
8zpc1e_JNJ,JNJ,Taking Profits on $JNJ and $NFLX Earnings Trades,2018-07-17,2,0
13tm9ji_JNJ,JNJ,JNJ - Price Action Report,2023-05-28,1,4
efyvpd_JNJ,JNJ,$JNJ pattern recognition. For the technician in all of us. Enjoy.,2019-12-26,25,12
hsco1x_JNJ,JNJ,JNJ in talks with Japan and Gates Foundation to lock in deals on vaccine,2020-07-16,4,0
ma34y5_JNJ,JNJ,"PULM Earnings this week -many possible catalysts between JnJ partnership, Cipla partnership, Next Breath Charity, and Nocion partnership.",2021-03-21,18,11
1ih4d7d_JNJ,JNJ,Is JNJ a good option?,2025-02-04,3,18
1jzot8z_JNJ,JNJ,JNJ increases its dividend by 4.8%,2025-04-15,126,8
11czd80_JNJ,JNJ,Johnson & Johnson (JNJ) at 52 week low and the most oversold itâ€™s been in 5 years. Dividend Yield 2.90%,2023-02-27,320,143
r1lajd_JNJ,JNJ,Battle Royale - Round 26! JNJ has been eliminated. Comment the ticker you think is the worst investment that should be eliminated next,2021-11-25,181,156
ve03lf_JNJ,JNJ,Jnj vs Abbv which to buy tomorrow?? Have around $800,2022-06-17,107,160
1ktbes5_JNJ,JNJ,"This is my income stock portfolio currently generating me over $300 annually, i will look to add $JNJ and $PG, and more shares to the existing position. Can you tell me what should i remove and add?",2025-05-23,2,12
vc7pkt_JNJ,JNJ,"""Gather ye rosebuds while ye may"" - My strategy is to collect as many top-rated stocks like JNJ (AAA) as they bottom. Side note, JNJ's AAA rating is a higher credit rating than the US government.",2022-06-14,257,90
1jzw537_JNJ,JNJ,Johnson & Johnson (JNJ) Dividend Increase- 2025,2025-04-15,54,8
z7vhwn_JNJ,JNJ,PepsiCo $PEP and Johnson & Johnson $JNJ have outpaced $QQQ since the ETF launch in 1999 Slow and steady...,2022-11-29,376,47
1ax7af0_JNJ,JNJ,JNJ â€” time to let go?,2024-02-22,0,70
se2vud_JNJ,JNJ,Why not buy low priced stocks only for dividends vs. buying high priced stocks like Home Depot or JNJ?,2022-01-27,74,107
1c5kmes_JNJ,JNJ,Johnson & Johnson (JNJ) Dividend Increase- 2024,2024-04-16,91,28
lkf06i_JNJ,JNJ,JNJ Stock Split?,2021-02-15,189,74
qsag4r_JNJ,JNJ,Johnson & Johnson (JNJ) Plans to Split Into Two Companies - Consumer Products and Pharmaceuticals,2021-11-12,172,62
1hfze7z_JNJ,JNJ,JNJ PEP F ELV ,2024-12-17,5,7
1c3gv3m_JNJ,JNJ,What y'all think about JNJ?,2024-04-14,14,30
1hwqlzc_JNJ,JNJ,JNJ end game for talc mess,2025-01-08,5,4
1d43did_JNJ,JNJ,The state of JNJ,2024-05-30,11,20
11j7l76_JNJ,JNJ,Pfizer or JNJ - which one is currently better,2023-03-05,26,45
11ncx36_JNJ,JNJ,Debating between AbbV or JNJ ?,2023-03-10,16,42
1d5z2fz_JNJ,JNJ,I'm thinking on opening a position in JNJ any thoughts? ,2024-06-01,2,12
1cxgsv6_JNJ,JNJ,"If you could put $10k over 10 years into either Prologis ($PLD) or Johnson & Johnson ($JNJ) for total returns, which would you choose?",2024-05-21,0,11
12v9flb_JNJ,JNJ,Top 10 Best Performing Healthcare Dividend Growth Stocks. and no JNJ?,2023-04-22,38,30
u72ljz_JNJ,JNJ,JNJ increases dividend from $1.06 to $1.13 per share,2022-04-19,187,21
129km8d_JNJ,JNJ,Im selling JNJ before the split and here's why...,2023-04-02,0,27
14i26kp_JNJ,JNJ,What is going on with JNJ? Is the dividend king dead?,2023-06-24,2,22
1cqrfpo_JNJ,JNJ,JNJ: Upcoming dividend of US$1.24 per share,2024-05-13,3,3
wgzqko_JNJ,JNJ,Do you believe that JNJ is a must own stock to have in your ROTH IRA?,2022-08-05,14,34
1b7usap_JNJ,JNJ,$JNJ Growth,2024-03-06,20,3
13ynn3j_JNJ,JNJ,"next dividend stock pick: JNJ, CSCO, UNH... ?",2023-06-02,5,19
r0i881_JNJ,JNJ,Good Time to Buy JNJ?,2021-11-23,42,36
17asx2e_JNJ,JNJ,JNJ Thoughts,2023-10-18,17,10
167ab08_JNJ,JNJ,What do we think about JNJ?,2023-09-01,10,13
16ndhw1_JNJ,JNJ,Proctor & Gamble Vs JNJ,2023-09-20,9,12
qt9i7k_JNJ,JNJ,ABBV or JNJ,2021-11-13,23,33
137pads_JNJ,JNJ,Buy JNJ before IPO?,2023-05-04,2,16
reaika_JNJ,JNJ,Whatâ€™s a better replacement for VZ if Iâ€™m looking for long term dividend payback/growth? PG HD JPM JNJ WM?,2021-12-11,21,28
yqmvca_JNJ,JNJ,What are your thoughts on JNJ?,2022-11-09,9,18
10pue65_JNJ,JNJ,MMM vs JNJ litigations,2023-01-31,7,15
12qtbdw_JNJ,JNJ,JNJ is down. Why?,2023-04-18,0,11
158868w_JNJ,JNJ,JNJ spin off?,2023-07-24,0,6
15uovfb_JNJ,JNJ,Question about JNJ spinoff...,2023-08-18,1,4
15msjk8_JNJ,JNJ,JNJ KVUE exchange,2023-08-09,1,4
tykmit_JNJ,JNJ,"JNJ, ABBV, LLY, NVS, NVO comparison",2022-04-07,62,13
l98j2l_JNJ,JNJ,ABBV vs JNJ,2021-01-31,29,27
138swx3_JNJ,JNJ,$JNJ spin off questions,2023-05-05,3,6
l5igy5_JNJ,JNJ,Would I be better off buying a dividend stock like P&G or JnJ or an dividend etf?,2021-01-26,18,25
rabh5r_JNJ,JNJ,Johnson & Johnson (JNJ) split,2021-12-06,14,14
xvvriq_JNJ,JNJ,Hot off the press for those who follow JNJ,2022-10-05,5,7
g1xfju_JNJ,JNJ,JNJ raises dividends 6.3% - 58th consecutive year of increases,2020-04-15,84,10
ol4ymo_JNJ,JNJ,JNJ V.S GOF (Safe V.S High yield),2021-07-15,3,1
g15isa_JNJ,JNJ,JNJ Hikes Quarterly Dividend by 6.3%,2020-04-14,26,5
b9dfrz_JNJ,JNJ,Walgreens|JNJ,2019-04-04,1,8
hdpn1g_JNJ,JNJ,JNJ is one of my ride or die stocks,2020-06-22,1,1
1i5r1dz_JNJ,JNJ,JNJ Long Term,2025-01-20,2,13
1cnqsfj_JNJ,JNJ,Thoughts on JNJ long-term? ,2024-05-09,4,12
wa7vq0_JNJ,JNJ,JNJ vs ABBV,2022-07-28,18,10
luj0is_JNJ,JNJ,Johnson & Johnson (JNJ) Valuation,2021-02-28,47,10
jyzda0_JNJ,JNJ,Johnson & Johnson (NYSE: JNJ) - An in-depth Stock Analysis,2020-11-22,9,1
h0celz_JNJ,JNJ,Stupid question regarding JNJ dividend,2020-06-10,6,4
h0bt8m_JNJ,JNJ,JNJ dividend hasnâ€™t showed up.,2020-06-10,3,0
72v9fc_JNJ,JNJ,Is it good time to get in $JNJ (long),2017-09-27,5,4
7td51l_JNJ,JNJ,In response to the upcoming earnings post. Used this for JNJ,2018-01-27,3,0
